{"global_step": 30408704, "_timestamp": 1733007782.9778278, "time/fps": 28038.0, "_runtime": 1093, "_step": 57, "train/approx_kl": 0.002814649837091565, "train/clip_fraction": 0.016376018524169922, "train/clip_range": 0.20000000298023224, "train/entropy_loss": -2.457582712173462, "train/explained_variance": -0.07609212398529053, "train/learning_rate": 9.999999747378752e-05, "train/loss": -0.025033820420503616, "train/policy_gradient_loss": -0.00017907020810525864, "train/std": 0.5486072897911072, "train/value_loss": 0.00022238011297304183, "rollout/ep_len_mean": 360.0, "rollout/ep_rew_mean": 0.7745329737663269}