{"global_step": 104448000, "_timestamp": 1744884747.5001664, "rollout/ep_len_mean": 750.0, "rollout/ep_rew_mean": -51.875389099121094, "time/fps": 26616.0, "train/actor_loss": 1.5861753225326538, "train/critic_loss": 0.00048294279258698225, "train/learning_rate": 9.999999747378752e-05, "_runtime": 3928.39816737175, "_step": 68, "_wandb": {"runtime": 3943}, "gradients/critic.qf0.4.bias": {"_type": "histogram", "values": [1.0], "bins": [0.025763537734746933, 0.025763537734746933]}, "gradients/critic.qf0.4.weight": {"_type": "histogram", "values": [75.0, 1.0, 3.0, 2.0, 0.0, 1.0, 1.0, 2.0, 1.0, 0.0, 2.0, 0.0, 1.0, 2.0, 1.0, 3.0, 0.0, 2.0, 2.0, 0.0, 1.0, 0.0, 1.0, 1.0, 3.0, 2.0, 1.0, 1.0, 1.0, 0.0, 1.0, 0.0, 1.0, 1.0, 3.0, 2.0, 0.0, 1.0, 0.0, 1.0, 1.0, 0.0, 1.0, 2.0, 2.0, 0.0, 0.0, 0.0, 0.0, 0.0, 0.0, 0.0, 0.0, 0.0, 1.0, 0.0, 0.0, 0.0, 0.0, 0.0, 0.0, 0.0, 0.0, 1.0], "bins": [-0.026525160297751427, -0.017143502831459045, -0.007761847227811813, 0.0016198093071579933, 0.0110014658421278, 0.02038312330842018, 0.029764778912067413, 0.039146434515714645, 0.04852809011936188, 0.05790974944829941, 0.06729140877723694, 0.07667306065559387, 0.0860547199845314, 0.09543637186288834, 0.10481803119182587, 0.1141996905207634, 0.12358134239912033, 0.13296300172805786, 0.1423446536064148, 0.15172632038593292, 0.16110797226428986, 0.1704896241426468, 0.17987129092216492, 0.18925294280052185, 0.19863459467887878, 0.20801624655723572, 0.21739791333675385, 0.22677956521511078, 0.2361612170934677, 0.24554288387298584, 0.2549245357513428, 0.2643061876296997, 0.27368786931037903, 0.28306952118873596, 0.2924511730670929, 0.30183282494544983, 0.31121450662612915, 0.3205961585044861, 0.329977810382843, 0.33935946226119995, 0.3487411141395569, 0.3581227660179138, 0.36750444769859314, 0.3768860995769501, 0.386267751455307, 0.39564940333366394, 0.4050310552120209, 0.4144127070903778, 0.42379438877105713, 0.43317604064941406, 0.442557692527771, 0.45193934440612793, 0.46132099628448486, 0.4707026481628418, 0.48008430004119873, 0.48946598172187805, 0.498847633600235, 0.5082292556762695, 0.5176109671592712, 0.5269926190376282, 0.5363742709159851, 0.545755922794342, 0.555137574672699, 0.5645192265510559, 0.5739008784294128]}, "gradients/critic.qf0.2.bias": {"_type": "histogram", "values": [2.0, 1.0, 1.0, 1.0, 1.0, 1.0, 0.0, 2.0, 0.0, 1.0, 0.0, 0.0, 1.0, 0.0, 3.0, 1.0, 3.0, 0.0, 0.0, 0.0, 0.0, 0.0, 0.0, 2.0, 0.0, 0.0, 2.0, 0.0, 0.0, 1.0, 0.0, 3.0, 77.0, 0.0, 0.0, 0.0, 0.0, 1.0, 0.0, 1.0, 2.0, 1.0, 1.0, 1.0, 1.0, 0.0, 1.0, 1.0, 1.0, 1.0, 0.0, 2.0, 1.0, 0.0, 1.0, 3.0, 0.0, 2.0, 1.0, 0.0, 0.0, 1.0, 0.0, 2.0], "bins": [-0.0019451092230156064, -0.001884911791421473, -0.0018247143598273396, -0.0017645169282332063, -0.001704319496639073, -0.0016441220650449395, -0.0015839246334508061, -0.0015237272018566728, -0.0014635296538472176, -0.0014033322222530842, -0.0013431347906589508, -0.0012829373590648174, -0.001222739927470684, -0.0011625424958765507, -0.0011023450642824173, -0.001042147632688284, -0.0009819502010941505, -0.0009217527695000172, -0.0008615553379058838, -0.0008013579063117504, -0.000741160474717617, -0.0006809629849158227, -0.0006207655533216894, -0.000560568121727556, -0.0005003706901334226, -0.00044017325853928924, -0.00037997582694515586, -0.000319778366247192, -0.00025958093465305865, -0.00019938350305892527, -0.00013918605691287667, -7.898861804278567e-05, -1.879129558801651e-05, 4.140614328207448e-05, 0.00010160358215216547, 0.00016180102829821408, 0.00022199845989234746, 0.00028219589148648083, 0.00034239335218444467, 0.00040259078377857804, 0.0004627882153727114, 0.0005229856469668448, 0.0005831830785609782, 0.0006433805101551116, 0.0007035779999569058, 0.0007637754315510392, 0.0008239728631451726, 0.000884170294739306, 0.0009443677263334394, 0.0010045651579275727, 0.001064762589521706, 0.0011249600211158395, 0.0011851574527099729, 0.0012453548843041062, 0.0013055523158982396, 0.001365749747492373, 0.0014259472955018282, 0.0014861447270959616, 0.001546342158690095, 0.0016065395902842283, 0.0016667370218783617, 0.001726934453472495, 0.0017871318850666285, 0.0018473293166607618, 0.0019075267482548952]}, "gradients/critic.qf0.2.weight": {"_type": "histogram", "values": [2.0, 1.0, 1.0, 3.0, 2.0, 2.0, 3.0, 10.0, 10.0, 10.0, 8.0, 10.0, 14.0, 18.0, 20.0, 26.0, 29.0, 33.0, 55.0, 62.0, 67.0, 89.0, 103.0, 102.0, 134.0, 123.0, 155.0, 186.0, 194.0, 283.0, 331.0, 5055.0, 23298.0, 391.0, 326.0, 283.0, 215.0, 167.0, 146.0, 148.0, 124.0, 102.0, 89.0, 65.0, 47.0, 51.0, 32.0, 27.0, 18.0, 23.0, 16.0, 16.0, 8.0, 4.0, 10.0, 6.0, 5.0, 4.0, 1.0, 1.0, 1.0, 1.0, 0.0, 2.0], "bins": [-0.1369439661502838, -0.1326691061258316, -0.1283942461013794, -0.12411938607692719, -0.11984452605247498, -0.11556967347860336, -0.11129481345415115, -0.10701995342969894, -0.10274509340524673, -0.09847023338079453, -0.09419537335634232, -0.0899205133318901, -0.0856456607580185, -0.08137080073356628, -0.07709594070911407, -0.07282108068466187, -0.06854622066020966, -0.06427136063575745, -0.05999650061130524, -0.055721644312143326, -0.051446784287691116, -0.04717192426323891, -0.042897067964076996, -0.038622207939624786, -0.03434734791517258, -0.030072487890720367, -0.025797629728913307, -0.021522771567106247, -0.017247911542654037, -0.012973052449524403, -0.008698193356394768, -0.004423334263265133, -0.0001484900712966919, 0.004126369021832943, 0.008401228114962578, 0.012676087208092213, 0.016950946301221848, 0.021225806325674057, 0.025500664487481117, 0.029775522649288177, 0.03405038267374039, 0.038325242698192596, 0.042600102722644806, 0.04687495902180672, 0.051149819046258926, 0.055424679070711136, 0.05969953536987305, 0.06397439539432526, 0.06824925541877747, 0.07252411544322968, 0.07679897546768188, 0.0810738354921341, 0.0853486955165863, 0.08962354809045792, 0.09389840811491013, 0.09817326813936234, 0.10244812816381454, 0.10672298818826675, 0.11099784821271896, 0.11527270823717117, 0.11954756081104279, 0.123822420835495, 0.1280972808599472, 0.13237214088439941, 0.13664700090885162]}, "gradients/critic.qf0.0.bias": {"_type": "histogram", "values": [1.0, 0.0, 0.0, 1.0, 1.0, 0.0, 0.0, 2.0, 0.0, 0.0, 1.0, 0.0, 1.0, 2.0, 0.0, 1.0, 1.0, 0.0, 0.0, 1.0, 3.0, 3.0, 2.0, 2.0, 7.0, 2.0, 5.0, 2.0, 4.0, 2.0, 3.0, 9.0, 132.0, 10.0, 3.0, 3.0, 1.0, 11.0, 3.0, 3.0, 3.0, 6.0, 1.0, 1.0, 3.0, 2.0, 2.0, 5.0, 4.0, 1.0, 3.0, 0.0, 0.0, 0.0, 1.0, 1.0, 0.0, 0.0, 0.0, 0.0, 0.0, 0.0, 0.0, 1.0], "bins": [-0.0009081613970920444, -0.0008803200908005238, -0.0008524787845090032, -0.0008246374782174826, -0.000796796171925962, -0.0007689548656344414, -0.0007411135593429208, -0.0007132722530514002, -0.0006854309467598796, -0.000657589640468359, -0.0006297483341768384, -0.0006019070278853178, -0.0005740657215937972, -0.0005462244153022766, -0.000518383109010756, -0.0004905418027192354, -0.00046270046732388437, -0.00043485916103236377, -0.0004070178547408432, -0.0003791765484493226, -0.000351335242157802, -0.0003234939358662814, -0.0002956526295747608, -0.0002678113232832402, -0.00023997000243980438, -0.00021212869614828378, -0.00018428738985676318, -0.0001564460835652426, -0.00012860476272180676, -0.00010076346370624378, -7.292215013876557e-05, -4.508084384724498e-05, -1.7239537555724382e-05, 1.0601770554785617e-05, 3.8443078665295616e-05, 6.628438859479502e-05, 9.412569488631561e-05, 0.00012196700117783621, 0.00014980831474531442, 0.00017764962103683501, 0.0002054909273283556, 0.0002333322336198762, 0.00026117355446331203, 0.0002890148607548326, 0.0003168561670463532, 0.0003446974733378738, 0.0003725387796293944, 0.000400380085920915, 0.0004282213922124356, 0.0004560626985039562, 0.0004839040047954768, 0.0005117453401908278, 0.0005395866464823484, 0.000567427952773869, 0.0005952692590653896, 0.0006231105653569102, 0.0006509518716484308, 0.0006787931779399514, 0.000706634484231472, 0.0007344757905229926, 0.0007623170968145132, 0.0007901584031060338, 0.0008179997093975544, 0.000845841015689075, 0.0008736823219805956]},