{"global_step": 82313216, "_timestamp": 1744790491.632675, "time/fps": 31804.0, "_runtime": 2597.4346079826355, "_step": 627, "train/approx_kl": 0.024319732561707497, "train/clip_fraction": 0.19240500032901764, "train/clip_range": 0.20000000298023224, "train/entropy_loss": 4.985591411590576, "train/explained_variance": 0.8480463624000549, "train/learning_rate": 9.999999747378752e-05, "train/loss": 0.017047928646206856, "train/policy_gradient_loss": 0.010409639216959476, "train/std": 0.12219979614019394, "train/value_loss": 4.932389401801629e-06, "rollout/ep_len_mean": 750.0, "rollout/ep_rew_mean": 1.0907500982284546}